{"loss": 0.030896905809640884, "_timestamp": 1719094795.7275844, "_runtime": 323.4177794456482, "_step": 857, "duration": 64, "rewards": -28.138035900104054}