{"duration": 64, "rewards": -70.29736732570241, "_timestamp": 1719074013.4337807, "_runtime": 14221.042110681534, "_step": 599}