{"duration": 64, "rewards": -81.52736472424557, "_timestamp": 1718930203.0943117, "_runtime": 16848.91315460205, "_step": 356}