{"duration": 64, "rewards": -73.3733038501561, "_timestamp": 1718990300.764347, "_runtime": 11625.864300012589, "_step": 485}