{"duration": 64, "rewards": -31.085801248699262, "_timestamp": 1719004579.8986647, "_runtime": 14248.505053758621, "_step": 599}