{"duration": 64, "rewards": -37.99082986472425, "_timestamp": 1719138555.9391155, "_runtime": 119.12800359725952, "_step": 5}