{"duration": 64, "rewards": -69.3108068891475, "_timestamp": 1719008932.1496074, "_runtime": 2106.1510384082794, "_step": 54}