{"duration": 64, "rewards": -84.82155567117586, "_timestamp": 1719056475.4502463, "_runtime": 14104.243812322617, "_step": 599}