{"duration": 64, "rewards": -85.05490114464098, "_timestamp": 1719094441.8663075, "_runtime": 20297.962112426758, "_step": 565}