{"duration": 64, "rewards": -117.35119667013524, "_timestamp": 1719155383.9797282, "_runtime": 16741.37342119217, "_step": 304, "loss": 1.5421937704086304}