{"duration": 64, "rewards": -35.6410041623309, "_timestamp": 1718901881.253483, "_runtime": 48.77225112915039, "_step": 0}