{"duration": 64, "rewards": -239.7447222944849, "_timestamp": 1719138350.2010932, "_runtime": 158.6747612953186, "_step": 7}