{"duration": 64, "rewards": -90.75606919875135, "_timestamp": 1718978497.5598006, "_runtime": 14309.950028657913, "_step": 599}