{"duration": 64, "rewards": -229.38388072320498, "_timestamp": 1719188225.9251614, "_runtime": 32752.086968421936, "_step": 599, "loss": 0.0030090389773249626}