{"duration": 64, "rewards": -74.92451547866803, "loss": 0.030552348122000694, "_timestamp": 1719138076.1880271, "_runtime": 2457.261995077133, "_step": 107}