{"duration": 64, "rewards": -20.07853798126952, "_timestamp": 1718913252.3079364, "_runtime": 11040.854169368744, "_step": 247}