{"duration": 64, "rewards": -149.2951768990635, "_timestamp": 1718962316.4559355, "_runtime": 2292.810450553894, "_step": 96}