{"duration": [64, 64], "rewards": [-71.14547606659733, -36.8011836628512], "_timestamp": 1718901758.0802073, "_runtime": 92.04597043991089, "_step": 1}