{"duration": 64, "rewards": -75.3069595473465, "_timestamp": 1718902070.968331, "_runtime": 45.63652801513672, "_step": 0}