{"duration": 64, "rewards": -8.522341311134237, "_timestamp": 1718964142.8223968, "_runtime": 1787.0396518707275, "_step": 75}