{"duration": 64, "rewards": -261.72088969823096, "_timestamp": 1719250569.8893425, "_runtime": 35033.932490587234, "_step": 599, "loss": 0.012866903096437454}